fecha_consulta,pure_id,uuid,tipo,titulo,autores,person_uuids,total_autores,organizaciones,organizaciones_externas,organizacion_responsable,estatus_publicacion,anio_publicacion,revista,workflow,created_by,created_date,modified_by,modified_date,portal_url,version,system_name,created_date_mty,modified_date_mty,created_day_mty,modified_day_mty,created_month
2026-09-27,13697220,a8334a10-3579-4d84-b936-df1e058a1bf7,ContributionToJournal,Innate sensing of microbial products promotes wound-induced skin cancer,Esther Hoste; Esther N. Arwert; Rohit Lal; Andrew P. South; Julio C. Salas-Alanis; Dedee F. Murrell; Giacomo Donati; Fiona M. Watt,5fee5dbf-1d99-4050-896c-0f8f63c4c856,8.0,,ExternalOrganization,,Published,2015,Nature Communications,approved,root,2017-11-06 05:02:58.135000+00:00,root,2026-09-27 16:07:33.830401+00:00,https://pure.udem.edu.mx/en/publications/a8334a10-3579-4d84-b936-df1e058a1bf7,8360ab7a8c63401323991c373b6e3b2bc1607b0a,ResearchOutput,2017-11-05 23:02:58.135000-06:00,2026-09-27 10:07:33.830401-06:00,2017-11-05,2026-09-27,2017-11
2026-09-27,14142416,55f444ce-6ae3-400e-8ac8-68a09d27db8e,ContributionToJournal,A review on health benefits of kombucha nutritional compounds and metabolites,Jessica Martínez Leal; Lucía Valenzuela Suárez; Rasu Jayabalan; Joselina Huerta Oros; Anayansi Escalante Aburto,8e56bca4-ab62-4df2-8ee7-3bdcd7fdd25a; 4f32b43d-d41c-49ce-a31b-08e1305fdbfc,5.0,,ExternalOrganization,,Published,2018,CYTA - Journal of Food,approved,root,2018-09-05 10:47:48.592000+00:00,root,2026-09-27 16:07:44.145509+00:00,https://pure.udem.edu.mx/en/publications/55f444ce-6ae3-400e-8ac8-68a09d27db8e,879ec8c6080612c289351f2f5f60bf67a4fb2620,ResearchOutput,2018-09-05 05:47:48.592000-05:00,2026-09-27 10:07:44.145509-06:00,2018-09-05,2026-09-27,2018-09
2026-09-27,14210020,6448e771-693e-4c1c-9c62-d6cfb7b4d3bb,ContributionToJournal,Molecular identification of unusual Mycetoma agents isolated from patients in Venezuela,Olga C. Rojas; Rafael B.R. León-Cachón; Maria Moreno-Treviño; Gloria M. González,adff3107-2ee3-4a29-9c9b-d6296e93211b; fe6eb5fb-f302-42e7-bf6b-a3cab4d613ae; 0e49fc43-fc87-49cf-b286-bca053da7119,4.0,,ExternalOrganization,,Published,2017,Mycoses,approved,dgutierrez,2018-10-26 18:39:19.160000+00:00,root,2026-09-27 16:07:48.042811+00:00,https://pure.udem.edu.mx/en/publications/6448e771-693e-4c1c-9c62-d6cfb7b4d3bb,8040cd2739cc0f7923c0c48f5bc4d64061c932de,ResearchOutput,2018-10-26 13:39:19.160000-05:00,2026-09-27 10:07:48.042811-06:00,2018-10-26,2026-09-27,2018-10
2026-09-27,14238581,bc615300-fcd6-446e-bff7-b9a49f487eb9,ContributionToJournal,Measurements of CP violation in the three-body phase space of charmless B± decays measurements of cp violation in the three- ... R. Aaij et al.,R. Aaij; B. Adeva; M. Adinolfi; A. Affolder; Z. Ajaltouni; S. Akar; J. Albrecht; F. Alessio; M. Alexander; S. Ali; G. Alkhazov; P. Alvarez Cartelle; A. A. Alves; S. Amato; S. Amerio; Y. Amhis; L. An; L. Anderlini; J. Anderson; R. Andreassen; M. Andreotti; J. E. Andrews; R. B. Appleby; O. Aquines Gutierrez; F. Archilli; A. Artamonov; M. Artuso; E. Aslanides; G. Auriemma; M. Baalouch; S. Bachmann; J. J. Back; A. Badalov; W. Baldini; R. J. Barlow; C. Barschel; S. Barsuk; W. Barter; V. Batozskaya; V. Battista; A. Bay; L. Beaucourt; J. Beddow; F. Bedeschi; I. Bediaga; S. Belogurov; K. Belous; I. Belyaev; E. Ben-Haim; G. Bencivenni; S. Benson; J. Benton; A. Berezhnoy; R. Bernet; M. O. Bettler; M. Van Beuzekom; A. Bien; S. Bifani; T. Bird; A. Bizzeti; P. M. Bjørnstad; T. Blake; F. Blanc; J. Blouw; S. Blusk; V. Bocci; A. Bondar; N. Bondar; W. Bonivento; S. Borghi; A. Borgia; M. Borsato; T. J.V. Bowcock; E. Bowen; C. Bozzi; T. Brambach; J. Van Den Brand; J. Bressieux; D. Brett; M. Britsch; T. Britton; J. Brodzicka; N. H. Brook; H. Brown; A. Bursche; G. Busetto; J. Buytaert; S. Cadeddu; R. Calabrese; M. Calvi; M. Calvo Gomez; P. Campana; D. Campora Perez; A. Carbone; G. Carboni; R. Cardinale,07dddca9-9175-48c8-8bdf-cd694cbed212,96.0,,ExternalOrganization,,Published,2014,"Physical Review D - Particles, Fields, Gravitation and Cosmology",approved,root,2018-11-20 04:47:17.090000+00:00,root,2026-09-27 16:07:51.210552+00:00,https://pure.udem.edu.mx/en/publications/bc615300-fcd6-446e-bff7-b9a49f487eb9,b1766246a8600df816255cd91e71c4ca60599ea1,ResearchOutput,2018-11-19 22:47:17.090000-06:00,2026-09-27 10:07:51.210552-06:00,2018-11-19,2026-09-27,2018-11
2026-09-27,14381430,9a762ba6-c2bd-4015-90cd-8fd6b69ae1e5,ContributionToJournal,Supernumerary formation of olfactory glomeruli induced by chronic odorant exposure: a constructivist expression of neural plasticity.,Román Vidal Tamayo Ramírez,51a6ab2f-6354-4f7c-8e1a-3492bd5f0bd5,1.0,,,,Published,2012,PLoS One,approved,roman.vidaltamayo,2019-01-23 19:54:34.910000+00:00,root,2026-09-27 16:07:38.442959+00:00,https://pure.udem.edu.mx/en/publications/9a762ba6-c2bd-4015-90cd-8fd6b69ae1e5,ca7990ba1902bf0637222843ccd087edd16a3007,ResearchOutput,2019-01-23 13:54:34.910000-06:00,2026-09-27 10:07:38.442959-06:00,2019-01-23,2026-09-27,2019-01
2026-09-27,14465572,371eae5f-e3d8-4831-8caa-22a7c5de392e,ContributionToJournal,"Retailer's Joint Ordering, Pricing, and Preservation Technology Investment Policies for a Deteriorating Item under Permissible Delay in Payments",Umakanta Mishra; Jacobo Tijerina-Aguilera; Sunil Tiwari; Leopoldo Eduardo Cárdenas-Barrón,3b024320-e732-460a-857e-48c4ecb0d81d; adcd9810-41dc-4aad-963e-5620c218c002,4.0,,ExternalOrganization,,Published,2018,Mathematical Problems in Engineering,approved,cecilia.perez,2019-02-26 22:10:10.478000+00:00,root,2026-09-27 16:07:44.615894+00:00,https://pure.udem.edu.mx/en/publications/371eae5f-e3d8-4831-8caa-22a7c5de392e,75bd43413ce778325c2d58467c0576acb20dd0a8,ResearchOutput,2019-02-26 16:10:10.478000-06:00,2026-09-27 10:07:44.615894-06:00,2019-02-26,2026-09-27,2019-02
2026-09-27,14652240,67d4a9b2-f564-44fd-b743-50872c91370a,ContributionToJournal,Intergroup contact in computer-mediated communication,Salvador Alvídrez; Valeriano Piñeiro-Naval; María Marcos-Ramos; José Luis Rojas-Solís,9a85535b-cc31-49d2-b7c5-8c6628f05ace,4.0,,ExternalOrganization,,Published,2015,Computers in Human Behavior,approved,jose.alvidrez,2019-04-14 09:41:20.535000+00:00,root,2026-09-27 16:07:52.347082+00:00,https://pure.udem.edu.mx/en/publications/67d4a9b2-f564-44fd-b743-50872c91370a,68d60e084dd4e79556c02d61c12bbe342e3d8d2e,ResearchOutput,2019-04-14 04:41:20.535000-05:00,2026-09-27 10:07:52.347082-06:00,2019-04-14,2026-09-27,2019-04
2026-09-27,14754342,727b249c-5b38-422b-919d-f938b48c4d40,ContributionToJournal,Emerging of ptxP3 lineage in Bordetella pertussis strains circulating in a population in northeastern Mexico,J L Gutiérrez-Ferman; L Villarreal-Treviño; J M Ramírez-Aranda; A Camacho-Ortiz; M R Ballesteros-Elizondo; M R Moreno-Juárez; S Mendoza-Olazarán; M E de la O Cavazos; J Z Villarreal-Pérez; M A Gómez-Govea; E Garza-González,46b7a4df-8a4f-4c1a-8aee-d4dd0bcee384,11.0,,ExternalOrganization,,Published,2018,Epidemiology and Infection,approved,soraya.mendoza,2019-05-21 23:02:11.630000+00:00,root,2026-09-27 16:07:44.938406+00:00,https://pure.udem.edu.mx/en/publications/727b249c-5b38-422b-919d-f938b48c4d40,8925ce3f82c7953be45ecff802e355ef8553dd34,ResearchOutput,2019-05-21 18:02:11.630000-05:00,2026-09-27 10:07:44.938406-06:00,2019-05-21,2026-09-27,2019-05
2026-09-27,15249988,7ea6395a-3c7f-42cb-a89f-ac9184313386,ContributionToJournal,Immune Response to Nocardia brasiliensisAntigens in an Experimental Model of Actinomycetoma in BALB/c Mice,Ernesto Torres López; MARIO CESAR SALINAS-CARMONA; ALMA I RAMOS-CANO; ANGEL LICON-TRILLO; DANIEL GONZALÉZ-SPENCER,fdd10597-e3d9-4ed5-b050-50e581e6eced,5.0,,ExternalOrganization,,E-pub ahead of print; Published,1999,Infection and Immunity,approved,ernesto.torres,2019-08-01 19:55:11.660000+00:00,root,2026-09-27 16:07:45.139344+00:00,https://pure.udem.edu.mx/en/publications/7ea6395a-3c7f-42cb-a89f-ac9184313386,647d4eb066aebf5977908de86d6cc5205ba6ce89,ResearchOutput,2019-08-01 14:55:11.660000-05:00,2026-09-27 10:07:45.139344-06:00,2019-08-01,2026-09-27,2019-08
2026-09-27,15422446,da5e6c24-4a0f-4d1c-aee9-b2780fba3a99,ContributionToJournal,Enhanced photocatalytic activity of amorphous MoO<sub>3</sub> thin films deposited by rf reactive magnetron sputtering,M. Ponce-Mosso; M. Pérez-González; P. E. García-Tinoco; H. Crotte-Ledesma; M. Morales-Luna; S. A. Tomás,788954ec-2ee6-41fe-87d3-42646985e1f9,6.0,,ExternalOrganization,,Accepted/In press; Published,2018; 2020,Catalysis Today,approved,cecilia.perez,2019-09-27 19:32:44.511000+00:00,root,2026-09-27 16:07:45.418474+00:00,https://pure.udem.edu.mx/en/publications/da5e6c24-4a0f-4d1c-aee9-b2780fba3a99,6d7478a9f3f29a722f433ce2086252fc3a4db444,ResearchOutput,2019-09-27 14:32:44.511000-05:00,2026-09-27 10:07:45.418474-06:00,2019-09-27,2026-09-27,2019-09
2026-09-27,15744532,fb9997b5-1f23-485e-a04a-c9ca25cc7311,ContributionToJournal,"A role for 1α,25-dihydroxyvitamin D3 in the expression of circadian genes",Miguel A. Gutierrez-Monreal; Raquel Cuevas-Diaz Duran; Jorge E. Moreno-Cuevas; Sean Patrick Scott,032e6a6b-2256-4dc3-b523-ac05c6bd2927,4.0,,ExternalOrganization,,Published,2014,Journal of Biological Rhythms,approved,jorgee.moreno,2020-01-09 23:24:13.646000+00:00,root,2026-09-27 16:07:59.848774+00:00,https://pure.udem.edu.mx/en/publications/fb9997b5-1f23-485e-a04a-c9ca25cc7311,ae8d8d256b3c4f3dce3e36881f47d8176c479f0d,ResearchOutput,2020-01-09 17:24:13.646000-06:00,2026-09-27 10:07:59.848774-06:00,2020-01-09,2026-09-27,2020-01
2026-09-27,15746902,745e15e8-acd5-4bfc-a8ef-5cc0b2ce9a6e,ContributionToJournal,Estrogen mitogenic action. I. Demonstration of estrogen-dependent MTW9/PL2 carcinogen-induced rat mammary tumor cell growth in serum-supplemented culture and technical implications,Jorge E. Moreno-Cuevas; David A. Sirbasku,032e6a6b-2256-4dc3-b523-ac05c6bd2927,2.0,,ExternalOrganization,,Published,2000,In Vitro Cellular and Developmental Biology - Animal,approved,jorgee.moreno,2020-01-09 23:35:40.194000+00:00,sync_user,2026-09-27 07:02:28.868268+00:00,https://pure.udem.edu.mx/en/publications/745e15e8-acd5-4bfc-a8ef-5cc0b2ce9a6e,6841f3be499a5ba13af8839273b052de48d82033,ResearchOutput,2020-01-09 17:35:40.194000-06:00,2026-09-27 01:02:28.868268-06:00,2020-01-09,2026-09-27,2020-01
2026-09-27,15773252,35e32cbc-bd93-441d-80ef-f66777676c5f,ContributionToJournal,Inhibitory effect of cuphea aequipetala extracts on murine B16F10 melanoma in vitro and in vivo,Ashanti Concepcion Uscanga-Palomeque; Pablo Zapata-Benavides; Santiago Saavedra-Alonso; Diana Elisa Zamora-Ávila; Moisés Armides Franco-Molina; Mariela Arellano-Rodríguez; Edgar Manilla-Muñoz; Ana Carolina Martínez-Torres; Laura M. Trejo-Ávila; Cristina Rodríguez-Padilla,2ee3ae83-897e-46ab-af1b-ff544baa5ccd,10.0,,ExternalOrganization,,Published,2019,BioMed Research International,approved,edgar.manilla,2020-01-17 22:20:27.668000+00:00,sync_user,2026-09-27 07:03:14.770272+00:00,https://pure.udem.edu.mx/en/publications/35e32cbc-bd93-441d-80ef-f66777676c5f,ffd7a5a4cbc7a522f71dfc1e4719d8e9cb1c0d41,ResearchOutput,2020-01-17 16:20:27.668000-06:00,2026-09-27 01:03:14.770272-06:00,2020-01-17,2026-09-27,2020-01
2026-09-27,15910995,fd75a636-474f-4081-b175-ccc9ccfdc1e1,ContributionToJournal,Impact of academic integrity on workplace ethical behaviour,Jean Gabriel Guerrero Dib; Luis Portales; Yolanda Heredia-Escorza,9f227669-696d-4f6d-b3dd-6f1eb5cb09f1; 5acfe7e9-5e14-4d20-87e1-9841a4624c2f,3.0,,ExternalOrganization,,Published,2020,International Journal for Educational Integrity,approved,luis.portales,2020-03-11 06:50:09.920000+00:00,root,2026-09-27 16:07:35.657116+00:00,https://pure.udem.edu.mx/en/publications/fd75a636-474f-4081-b175-ccc9ccfdc1e1,32a0889f826ca4868b579db5fa7be96bb8942502,ResearchOutput,2020-03-11 00:50:09.920000-06:00,2026-09-27 10:07:35.657116-06:00,2020-03-11,2026-09-27,2020-03
2026-09-27,22331903,30c900ed-bb6a-42d4-8831-31c1637ecfe4,ContributionToJournal,Gender differences and patenting in Latin America: understanding female participation in commercial science,Rosa María Morales Valera,d9fc30a4-6ff9-4930-9ee1-0190b188efd2,2.0,,ExternalOrganization,,Accepted/In press; Published,2020,Scientometrics,approved,rosa.moralesv,2020-07-14 21:23:08.637000+00:00,root,2026-09-27 16:07:35.845734+00:00,https://pure.udem.edu.mx/en/publications/30c900ed-bb6a-42d4-8831-31c1637ecfe4,effb78c62d1c579e26abafc9086d09784c8c0b33,ResearchOutput,2020-07-14 16:23:08.637000-05:00,2026-09-27 10:07:35.845734-06:00,2020-07-14,2026-09-27,2020-07
2026-09-27,22497841,8e26681a-5dcc-4bc5-ad57-d7be71f62418,ContributionToJournal,Rapid accumulation of endogenous Tau oligomers in a rat model of traumatic brain injury: Possible link between traumatic brain injury and sporadic tauopathies,B.E. Hawkins; S. Krishnamurthy; D.L. Castillo-Carranza; U. Sengupta; D.S. Prough; G.R. Jackson; D.S. DeWitt; R. Kayed,b800fab3-d115-408e-b411-277595e464bc,8.0,,ExternalOrganization,,Published,2013,Journal of Biological Chemistry,approved,dcastillo8,2020-08-30 05:52:21.168000+00:00,root,2026-09-27 16:07:49.390389+00:00,https://pure.udem.edu.mx/en/publications/8e26681a-5dcc-4bc5-ad57-d7be71f62418,86fa774c87926024a2cdd20040aa633273f16d7a,ResearchOutput,2020-08-30 00:52:21.168000-05:00,2026-09-27 10:07:49.390389-06:00,2020-08-30,2026-09-27,2020-08
2026-09-27,22498015,294dbb76-caae-4956-8905-81ea0ef83e16,ContributionToJournal,Identification of oligomers at early stages of tau aggregation in Alzheimer's disease,C.A. Lasagna-Reeves; D.L. Castillo-Carranza; U. Sengupta; J. Sarmiento; J. Troncoso; G.R. Jackson; R. Kayed,b800fab3-d115-408e-b411-277595e464bc,7.0,,ExternalOrganization,,Published,2012,FASEB Journal,approved,dcastillo8,2020-08-30 05:53:11.240000+00:00,root,2026-09-27 16:07:52.897634+00:00,https://pure.udem.edu.mx/en/publications/294dbb76-caae-4956-8905-81ea0ef83e16,d417c5661e4aa957af6141ff05119270fe655da3,ResearchOutput,2020-08-30 00:53:11.240000-05:00,2026-09-27 10:07:52.897634-06:00,2020-08-30,2026-09-27,2020-08
2026-09-27,29280622,99887936-8404-4d32-9a4f-6cc53ee7d1f6,ContributionToConference,Systematic literature review of critical success factors for continuous improvement projects,Fernando Gonzalez Aleu; Eileen M. Van Aken,76b61a83-412a-4c03-bad5-a6f353c7b859,2.0,,ExternalOrganization,,Published,2016,,approved,root,2017-11-06 07:57:35.420000+00:00,root,2026-09-27 16:07:39.195768+00:00,https://pure.udem.edu.mx/en/publications/99887936-8404-4d32-9a4f-6cc53ee7d1f6,5da5948b79bbca130838270e50cd372768db9ab0,ResearchOutput,2017-11-06 01:57:35.420000-06:00,2026-09-27 10:07:39.195768-06:00,2017-11-06,2026-09-27,2017-11
2026-09-27,29285247,d48ec338-610a-4abb-b8ac-5840e002d07a,ContributionToJournal,Physical characterization of double asteroid (617) Patroclus from 2007/2012 mutual events observations,"J. Berthier; P. Descamps; F. Vachier; J. Normand; L. Maquet; F. Deleflie; F. Colas; A. Klotz; J-P Teng-Chuen-Yu; A. Peyrot; F. Braga-Ribas; F. Marchis; A. Leroy; S. Bouley; G. Dubos; J. Pollock; T. Pauwels; P. Vingerhoets; J. A. Farrell; P., V Sada; V Reddy; K. Archer; H. H. Hamanowa",479b49e2-ff9e-441f-96a2-5c6c00d909a3,23.0,,ExternalOrganization,,Published,2020,Icarus,approved,pvaldes,2021-01-07 19:27:57.060000+00:00,root,2026-09-27 16:07:46.082748+00:00,https://pure.udem.edu.mx/en/publications/d48ec338-610a-4abb-b8ac-5840e002d07a,7c0fd3eabd8608e2f874199bab5bb93bb9e02bbf,ResearchOutput,2021-01-07 13:27:57.060000-06:00,2026-09-27 10:07:46.082748-06:00,2021-01-07,2026-09-27,2021-01
2026-09-27,34426333,a6934c11-3bc9-4684-8710-6cb10e5f656f,ContributionToJournal,Restrictions from Lorentz invariance violation on cosmic ray propagation,H. Martínez-Huerta; A. Pérez-Lorenzana,39551e8c-89fd-4c72-a543-524f1c70e6a9,2.0,,ExternalOrganization,,Published,2017,Physical Review D,approved,humberto.martinezhuerta,2021-07-29 14:14:37.056000+00:00,root,2026-09-27 16:08:03.550331+00:00,https://pure.udem.edu.mx/en/publications/a6934c11-3bc9-4684-8710-6cb10e5f656f,034e4e30f871763e99a04aefe8e91e38cf3476d3,ResearchOutput,2021-07-29 09:14:37.056000-05:00,2026-09-27 10:08:03.550331-06:00,2021-07-29,2026-09-27,2021-07
2026-09-27,37071166,1faab3d8-2dc4-491b-8d18-3b3b03812c09,ContributionToJournal,"Artificial intelligence, communication, and democracy in Latin America",Daniel Javier de la Garza Montemayor; Daniel Barredo Ibáñez; Paulo Carlos López-López; Ángel Torres-Toukoumidis,d311418e-7a79-45f1-9495-c05266021565,4.0,,ExternalOrganization,,Published,2021,Profesional de la Informacion,approved,ddelagarza16,2021-12-08 20:26:13.564000+00:00,root,2026-09-27 16:07:46.306747+00:00,https://pure.udem.edu.mx/en/publications/1faab3d8-2dc4-491b-8d18-3b3b03812c09,9fea4dd2e43b82d77072a2809a79c17a945203a0,ResearchOutput,2021-12-08 14:26:13.564000-06:00,2026-09-27 10:07:46.306747-06:00,2021-12-08,2026-09-27,2021-12
2026-09-27,37364768,b899f022-ad5f-479a-b76d-be77aa0faa36,ContributionToJournal,Automation of employment in the presence of industry 4.0: The case of Mexico,Minerva Evangelina Ramos Valdés; Jorge Garza Rodríguez; Damian Emilio Gibaja Romero,6b39b89c-505b-4f37-b269-93421dc27496; a9210629-0ba6-4f7c-9b26-2dcdb1aa83b4,3.0,,ExternalOrganization,,Published,2022,Technology in Society,approved,mramos,2021-12-20 18:24:14.367000+00:00,root,2026-09-27 16:07:57.872939+00:00,https://pure.udem.edu.mx/en/publications/b899f022-ad5f-479a-b76d-be77aa0faa36,4b43d9aa9a1695919a96f1c2982f63430858389c,ResearchOutput,2021-12-20 12:24:14.367000-06:00,2026-09-27 10:07:57.872939-06:00,2021-12-20,2026-09-27,2021-12
2026-09-27,37763723,82b5d8b2-c504-42ab-bab1-a0bf645babe7,ContributionToJournal,Advances and prospective applications of 3D food printing for health improvement and personalized nutrition,Anayansi Escalante-Aburto; Grissel Trujillo-de Santiago; Mario M. Álvarez; Cristina Chuck-Hernández,4f32b43d-d41c-49ce-a31b-08e1305fdbfc,4.0,,ExternalOrganization,,Published,2021,Comprehensive Reviews in Food Science and Food Safety,approved,ricardo.perezr,2022-01-19 01:29:31.097000+00:00,root,2026-09-27 16:07:36.323092+00:00,https://pure.udem.edu.mx/en/publications/82b5d8b2-c504-42ab-bab1-a0bf645babe7,bf8bc4c75ef17ddbe5429443651bf29a1ccbb86b,ResearchOutput,2022-01-18 19:29:31.097000-06:00,2026-09-27 10:07:36.323092-06:00,2022-01-18,2026-09-27,2022-01
2026-09-27,46530769,c9f98e4f-fa75-4b71-b025-eb2221ff05d5,ContributionToJournal,Restoring the dignity of indigenous people,Blanca A. Camargo; Anke Winchenbach; Mario Vázquez-Maguirre,5a982315-64da-4516-a414-37f6e708c313,3.0,,ExternalOrganization,,Published,2022,Tourism Management Perspectives,approved,bcamargo,2022-11-19 01:35:25.949000+00:00,root,2026-09-27 16:07:42.886087+00:00,https://pure.udem.edu.mx/en/publications/c9f98e4f-fa75-4b71-b025-eb2221ff05d5,25fe9f040c26c453fcec8cba896f6e8958db0eed,ResearchOutput,2022-11-18 19:35:25.949000-06:00,2026-09-27 10:07:42.886087-06:00,2022-11-18,2026-09-27,2022-11
2026-09-27,54790944,d44773ce-6fe2-4f62-b6dc-b2ed5f7aa65e,ContributionToJournal,Recent Developments in Haptic Devices Designed for Hearing-Impaired People: A Literature Review,Marta Sylvia del Río Guerra; Alejandro Flores Ramones,ffcba83b-4dae-4620-a109-e09d85c63b90,2.0,,ExternalOrganization,,Published,2023,Sensors,approved,mdelrio,2023-03-30 20:30:47.553000+00:00,root,2026-09-27 16:07:36.747446+00:00,https://pure.udem.edu.mx/en/publications/d44773ce-6fe2-4f62-b6dc-b2ed5f7aa65e,bbc7253a938f941ecfb8eef7c4ec282237ef7863,ResearchOutput,2023-03-30 14:30:47.553000-06:00,2026-09-27 10:07:36.747446-06:00,2023-03-30,2026-09-27,2023-03
2026-09-27,56309363,1fe6daeb-608d-4726-a4ad-85b89a9ed7d7,ContributionToJournal,Microbial Indicator Profiling of Fresh Produce and Environmental Samples from Farms and Packing Facilities in Northern Mexico,Norma Heredia; Cindy Joanna Caballero Prado; Carmen Cárdenas; Karina Molina; Rafael García; Luisa Solís; Vanessa Burrowes; Faith E. Bartz; Anna Fabiszewski De Aceituno; Lee Ann Jaykus; Santos García; Juan S. León,1513f28f-a691-4982-9b17-2aded4729004,12.0,,ExternalOrganization,,Published,2016,Journal of Food Protection,approved,cindy.caballero,2023-04-26 17:49:44.898000+00:00,root,2026-09-27 16:07:54.679101+00:00,https://pure.udem.edu.mx/en/publications/1fe6daeb-608d-4726-a4ad-85b89a9ed7d7,fe8760b424cac984aecc4c1eba857e130a394ad4,ResearchOutput,2023-04-26 11:49:44.898000-06:00,2026-09-27 10:07:54.679101-06:00,2023-04-26,2026-09-27,2023-04
2026-09-27,60896882,5969b779-5eaa-4bf0-934a-cc1598c9ebd7,ContributionToJournal,Factors influencing small and medium size enterprises development and digital maturity in Latin America,Lizbeth A. Gonzalez-Tamayo; Greeni Maheshwari; Adriana Bonomo-Odizzio; Margarita Herrera-Avilés; Catherine Krauss-Delorme,7f0fc075-91d5-4d05-95d3-5c0e256dbb6d,5.0,,ExternalOrganization,,Published,2023,"Journal of Open Innovation: Technology, Market, and Complexity",approved,lizbeth.gonzalezt,2023-10-04 02:37:36.211000+00:00,root,2026-09-27 16:07:58.134647+00:00,https://pure.udem.edu.mx/en/publications/5969b779-5eaa-4bf0-934a-cc1598c9ebd7,1aa086fb2901c0cbcf534e8d91d306232a407769,ResearchOutput,2023-10-03 20:37:36.211000-06:00,2026-09-27 10:07:58.134647-06:00,2023-10-03,2026-09-27,2023-10
2026-09-27,72974063,7edc687f-03cd-48c9-873a-11eb6fecc991,ContributionToJournal,Carbon Nanotori Reinforced Lubricants in Plastic Deformation Processes,Jose Jaime Taha-Tijerina; Juan Manuel Martínez; Daniel Euresti; Patsy Yessenia Arquieta-Guillén,091f16e9-d354-475e-906b-6e4f0cb82515,4.0,,ExternalOrganization,,Published,2022,Lubricants,approved,sync_user,2023-11-15 07:12:34.922000+00:00,root,2026-09-27 16:07:47.024316+00:00,https://pure.udem.edu.mx/en/publications/7edc687f-03cd-48c9-873a-11eb6fecc991,5a00933c7f4bc74d25d72b520f08e3682348d586,ResearchOutput,2023-11-15 01:12:34.922000-06:00,2026-09-27 10:07:47.024316-06:00,2023-11-15,2026-09-27,2023-11
2026-09-27,73030616,8066b435-7431-4f59-9470-0db56e6841fb,ContributionToJournal,Emotion Regulation in Mexican and U.S. White Adults: Cultural and Gender Differences.,Julia Gallegos Guajardo; Noah Berman; Manuel Ramirez III; Norma Rodriguez; Jonathan S. Abramowitz,e4df2e62-f212-462e-a0d5-32072b3462b5,5.0,,ExternalOrganization,,Published,2023,Interamerican Journal of Psychology,approved,jgallego,2023-11-22 01:02:23.707000+00:00,root,2026-09-27 16:08:01.130707+00:00,https://pure.udem.edu.mx/en/publications/8066b435-7431-4f59-9470-0db56e6841fb,32d073da22d0d0884215df35896bbaeeb11b594b,ResearchOutput,2023-11-21 19:02:23.707000-06:00,2026-09-27 10:08:01.130707-06:00,2023-11-21,2026-09-27,2023-11
2026-09-27,74170561,ed676a8f-367a-447a-b1a7-460fbb53175d,ContributionToJournal,Mechanical Properties of a Structural Component Processed in High-Pressure Die Casting (HPDC) with a Non-Heat-Treated Aluminum Alloy,David Servando Cantú-Fernández; José Jaime Taha-Tijerina; Alejandro González; Pablo Guajardo Hernández; Brian Quinn,091f16e9-d354-475e-906b-6e4f0cb82515,5.0,,ExternalOrganization,,Published,2024,Metals,approved,jtaha,2024-04-03 02:11:01.976000+00:00,root,2026-09-27 16:07:55.065291+00:00,https://pure.udem.edu.mx/en/publications/ed676a8f-367a-447a-b1a7-460fbb53175d,358b9fc92e78c68336b06c59e1f49c1eb231959e,ResearchOutput,2024-04-02 20:11:01.976000-06:00,2026-09-27 10:07:55.065291-06:00,2024-04-02,2026-09-27,2024-04
2026-09-27,74210452,40261ce7-f343-41e9-9317-697c953edfc3,ContributionToJournal,Potential Cognitive Risks of Generative Transformer-Based AI Chatbots on Higher Order Executive Functions,Umberto León-Domínguez,d00ffeaa-d3a0-4862-b16b-1b245ba179d0,1.0,,,,Accepted/In press; Published,2024,Neuropsychology,approved,sync_user,2024-04-11 07:04:40.022000+00:00,root,2026-09-27 16:07:40.309644+00:00,https://pure.udem.edu.mx/en/publications/40261ce7-f343-41e9-9317-697c953edfc3,57a299301210702d3690041a238def6dad058719,ResearchOutput,2024-04-11 01:04:40.022000-06:00,2026-09-27 10:07:40.309644-06:00,2024-04-11,2026-09-27,2024-04
2026-09-27,74212578,b061aa60-f75d-48c0-aaec-e0d0f6bc70f9,ContributionToJournal,Shaping the future of creative education: the transformative power of VR in art and design learning,Gabriela Mariah Serna-Mendiburu; Cristobal Rodolfo Guerra Támez,b5fc123e-b6fe-4c1f-897d-fc6fa3b5e2c2,2.0,,ExternalOrganization,,Published,2024,Frontiers in Education,approved,cristobal.guerra,2024-04-11 17:17:50.574000+00:00,root,2026-09-27 16:07:37.071430+00:00,https://pure.udem.edu.mx/en/publications/b061aa60-f75d-48c0-aaec-e0d0f6bc70f9,727cd1d29c80cf87a4aadb59b1814fbeafee48c1,ResearchOutput,2024-04-11 11:17:50.574000-06:00,2026-09-27 10:07:37.071430-06:00,2024-04-11,2026-09-27,2024-04
2026-09-27,76167190,71c3a0f1-7ebb-44b7-b386-b1ab739db3eb,ContributionToJournal,Control-Oriented System Identification of Turbojet Dynamics,Francisco Villarreal-Valderrama; Eduardo Liceaga-Castro; Diana Hernandez-Alcantara; Carlos Santana-Delgado; Selcuk Ekici; Luis Amezquita-Brooks,c46a2d1c-3427-4c4f-b650-c7b7498e697e,6.0,,ExternalOrganization,,Published,2024,Aerospace,approved,sync_user,2024-09-05 07:13:39.813000+00:00,root,2026-09-27 16:07:55.211195+00:00,https://pure.udem.edu.mx/en/publications/71c3a0f1-7ebb-44b7-b386-b1ab739db3eb,1a843ceabda842f227ae8a96d16f78076405b668,ResearchOutput,2024-09-05 01:13:39.813000-06:00,2026-09-27 10:07:55.211195-06:00,2024-09-05,2026-09-27,2024-09
2026-09-27,79921112,3717da87-958d-4f6f-9bab-2e392124d556,ContributionToJournal,Advanced Porosity Control of CP780 Galvanized Steel During Gas Metal Arc Welding with Pulsed Arc,Carlos Adrián García Ochoa; Jorge Alejandro Verduzco Martínez; Francisco Fernando Curiel-López; Víctor Hugo López-Morelos; José Jaime Taha-Tijerina; Ariosto Medina Flores; Maleni García Gómez,091f16e9-d354-475e-906b-6e4f0cb82515,7.0,,ExternalOrganization,,Published,2025,Metals,approved,sync_user,2025-06-06 07:12:34.608000+00:00,root,2026-09-27 16:07:50.095815+00:00,https://pure.udem.edu.mx/en/publications/3717da87-958d-4f6f-9bab-2e392124d556,b9557f23d2669eba067051d1ee0926a02ab128de,ResearchOutput,2025-06-06 01:12:34.608000-06:00,2026-09-27 10:07:50.095815-06:00,2025-06-06,2026-09-27,2025-06
2026-09-27,84685276,04243140-c4a7-4e0e-adb0-e3a378b8a5ff,ContributionToJournal,"Exploring the Functionality of the Krüppel-like Factors in Kidney Development, Metabolism, and Diseases",Itzel S. Salmon-Cabrales; David A. de la Garza-Kalife; Gabriel García-González; Ana E. Estrada-Rodríguez; Marco Antonio Jiménez-Gutiérrez; Michelle G. Santoyo-Suárez; Oscar Rodríguez-Núñez; Elsa N. Garza-Treviño; Diego F. Benítez-Chao; Gerardo R. Padilla-Rivas; Jose Francisco Islas,20de4d8e-d722-4c45-859f-f427c004db98,11.0,,ExternalOrganization,,Published,2024,Life,forApproval,sync_user,2026-05-13 07:05:49.161005+00:00,root,2026-09-27 16:07:55.892222+00:00,https://pure.udem.edu.mx/en/publications/04243140-c4a7-4e0e-adb0-e3a378b8a5ff,fdcb43a7c5b7398b4f2bb272321edecb014059a5,ResearchOutput,2026-05-13 01:05:49.161005-06:00,2026-09-27 10:07:55.892222-06:00,2026-05-13,2026-09-27,2026-05
2026-09-27,87832160,ba6d4090-9f62-4a17-9c9d-383241bc9978,ContributionToJournal,Editorial: The role of light in myopia,Natali Gutierrez-Rodriguez; Valentina Bilbao-Malavé; Manuel Garza-León; Sandra Johana Ganzón-Parra; Jorge González-Zamora; Sergio Recalde Maestre,34de577e-b2d6-4fbb-a053-5bf875ffc2fa,6.0,,ExternalOrganization,,Published,2026,Frontiers in Medicine,forApproval,mgarzale,2026-09-20 22:59:15.558581+00:00,root,2026-09-27 07:00:19.532589+00:00,https://pure.udem.edu.mx/en/publications/ba6d4090-9f62-4a17-9c9d-383241bc9978,a7e2a495878b237973d0282c103b27834fcd168f,ResearchOutput,2026-09-20 16:59:15.558581-06:00,2026-09-27 01:00:19.532589-06:00,2026-09-20,2026-09-27,2026-09
2026-09-27,87889052,c760a027-5b65-4577-9a98-85d21ba9ebc9,ContributionToJournal,Editorial,Natali Gutierrez-Rodriguez; Valentina Bilbao-Malavé; Manuel Garza-León; Sandra Johana Ganzón-Parra; Jorge González-Zamora; Sergio Recalde Maestre,34de577e-b2d6-4fbb-a053-5bf875ffc2fa,6.0,,ExternalOrganization,,Published,2026,Frontiers in Medicine,forApproval,sync_user,2026-09-26 07:04:10.406275+00:00,root,2026-09-27 16:07:40.884609+00:00,https://pure.udem.edu.mx/en/publications/c760a027-5b65-4577-9a98-85d21ba9ebc9,c4b17e6049778d6239885b2b4f4b2638c000525c,ResearchOutput,2026-09-26 01:04:10.406275-06:00,2026-09-27 10:07:40.884609-06:00,2026-09-26,2026-09-27,2026-09
